{"count":1,"self":1293.4844415999999,"total":5236.230751,"children":{"InitializeActuators":{"count":64,"self":0.0010072,"total":0.0010072,"children":null},"InitializeSensors":{"count":64,"self":0.0020063999999999998,"total":0.0020063999999999998,"children":null},"AgentSendState":{"count":783867,"self":12.431705599999999,"total":57.0208222,"children":{"CollectObservations":{"count":10033536,"self":9.7389511999999989,"total":9.7389514,"children":null},"WriteActionMask":{"count":10033536,"self":2.4003978,"total":2.4003978,"children":null},"RequestDecision":{"count":10033536,"self":9.9512159999999987,"total":32.4497673,"children":{"AgentInfo.ToProto":{"count":10033536,"self":8.6890624,"total":22.498551199999998,"children":{"GenerateSensorData":{"count":10033536,"self":13.8094896,"total":13.8094892,"children":null}}}}}}},"DecideAction":{"count":783867,"self":3831.5819008,"total":3831.5818141,"children":null},"AgentAct":{"count":783867,"self":54.0473536,"total":54.0880091,"children":{"AgentInfo.ToProto":{"count":3889,"self":0.016014999999999998,"total":0.0406549,"children":{"GenerateSensorData":{"count":3889,"self":0.0246399,"total":0.0246399,"children":null}}}}},"AgentInfo.ToProto":{"count":10312,"self":0.023589099999999998,"total":0.0521682,"children":{"GenerateSensorData":{"count":10312,"self":0.0285791,"total":0.0285791,"children":null}}}},"gauges":{"PaddleAi.CumulativeReward":{"count":14201,"max":192.302536,"min":-1,"runningAverage":37.1509132,"value":28.2000675,"weightedAverage":88.3317}},"metadata":{"timer_format_version":"0.1.0","start_time_seconds":"1724849015","unity_version":"2022.3.10f1","command_line_arguments":"C:\\Program Files\\Unity\\Hub\\Editor\\2022.3.10f1\\Editor\\Unity.exe -projectpath C:\\Users\\lucag\\Documents\\AIPROJECTS\\pAIng -useHub -hubIPC -cloudEnvironment production","communication_protocol_version":"1.5.0","com.unity.ml-agents_version":"3.0.0-exp.1","scene_name":"TrainScene","end_time_seconds":"1724854251"}}