{"count":1,"self":249.5508224,"total":1557.3116507,"children":{"InitializeActuators":{"count":64,"self":0.0010065999999999999,"total":0.0010065999999999999,"children":null},"InitializeSensors":{"count":64,"self":0.0020143,"total":0.0020143,"children":null},"AgentSendState":{"count":236401,"self":3.8699488,"total":17.582404999999998,"children":{"CollectObservations":{"count":3025984,"self":2.9886331999999998,"total":2.9886331,"children":null},"WriteActionMask":{"count":3025984,"self":0.6853115,"total":0.6853115,"children":null},"RequestDecision":{"count":3025984,"self":3.0478419999999997,"total":10.038511699999999,"children":{"AgentInfo.ToProto":{"count":3025984,"self":2.6088068,"total":6.9906697,"children":{"GenerateSensorData":{"count":3025984,"self":4.3818632,"total":4.381863,"children":null}}}}}}},"DecideAction":{"count":236401,"self":1274.4817664,"total":1274.4817503,"children":null},"AgentAct":{"count":236401,"self":15.608016,"total":15.613530599999999,"children":{"AgentInfo.ToProto":{"count":476,"self":0.0009832,"total":0.0055147999999999994,"children":{"GenerateSensorData":{"count":476,"self":0.0045316,"total":0.0045316,"children":null}}}}},"AgentInfo.ToProto":{"count":14999,"self":0.031834299999999996,"total":0.079104899999999992,"children":{"GenerateSensorData":{"count":14999,"self":0.047270599999999996,"total":0.047270599999999996,"children":null}}}},"gauges":{"PaddleAi.CumulativeReward":{"count":15475,"max":187.502258,"min":-1,"runningAverage":7.52558041,"value":1.69999933,"weightedAverage":43.4948}},"metadata":{"timer_format_version":"0.1.0","start_time_seconds":"1724681392","unity_version":"2022.3.10f1","command_line_arguments":"C:\\Program Files\\Unity\\Hub\\Editor\\2022.3.10f1\\Editor\\Unity.exe -projectpath C:\\Users\\lucag\\Documents\\AIPROJECTS\\pAIng -useHub -hubIPC -cloudEnvironment production","communication_protocol_version":"1.5.0","com.unity.ml-agents_version":"3.0.0-exp.1","scene_name":"TrainScene","end_time_seconds":"1724682949"}}